{
    "pipelines_comparison": {
        "incremental_cost_effectiveness_ratio": {
            "dataset": [
                143822.7826582798,
                21065.40170319185,
                -480393.7766755014
            ],
            "mean": -105168.53077134326,
            "standard_deviation": 270015.8421495735,
            "standard_error_of_the_mean": 190930.0330117598,
            "confidence_interval_0.95": [
                -926674.1585314414,
                716337.0969887548
            ]
        },
        "net_monetary_benefit": {
            "dataset": [
                -919.8134057974204,
                1672.9963768111948,
                -1674.89130434809
            ],
            "mean": -307.23611111143856,
            "standard_deviation": 1433.7657149125678,
            "standard_error_of_the_mean": 1013.8254596474551,
            "confidence_interval_0.95": [
                -4669.374992717114,
                4054.9027704942364
            ]
        }
    },
    "with_esketamine": {
        "average_qalys": {
            "dataset": [
                1.5127153804347528,
                1.5085981702898263,
                1.4951033514492473
            ],
            "mean": 1.505472300724609,
            "standard_deviation": 0.007522153355284925,
            "standard_error_of_the_mean": 0.005318965646647112,
            "confidence_interval_0.95": [
                1.4825866386647584,
                1.5283579627844595
            ]
        },
        "direct_costs_per_patient": {
            "dataset": [
                3201,
                3180,
                3100
            ],
            "mean": 3160.3333333333335,
            "standard_deviation": 43.515003798179265,
            "standard_error_of_the_mean": 30.76975426905093,
            "confidence_interval_0.95": [
                3027.9417661289026,
                3292.7249005377644
            ]
        },
        "indirect_costs_per_patient": {
            "dataset": [
                89228.0,
                89330.0,
                89388.0
            ],
            "mean": 89315.33333333333,
            "standard_deviation": 66.13790306792484,
            "standard_error_of_the_mean": 46.766559752788226,
            "confidence_interval_0.95": [
                89114.11306734444,
                89516.55359932221
            ]
        },
        "total_costs_per_patient": {
            "dataset": [
                92429.0,
                92510.0,
                92488.0
            ],
            "mean": 92475.66666666667,
            "standard_deviation": 34.198765409814946,
            "standard_error_of_the_mean": 24.18217892948809,
            "confidence_interval_0.95": [
                92371.6191484805,
                92579.71418485284
            ]
        },
        "remission_rate": {
            "dataset": [
                5.217391304347826,
                4.173913043478262,
                4.956521739130435
            ],
            "mean": 4.782608695652175,
            "standard_deviation": 0.4433930011819809,
            "standard_error_of_the_mean": 0.31352619786643354,
            "confidence_interval_0.95": [
                3.4336143445034617,
                6.131603046800888
            ]
        },
        "recovery_rate": {
            "dataset": [
                19.217391304347824,
                18.521739130434785,
                17.304347826086957
            ],
            "mean": 18.34782608695652,
            "standard_deviation": 0.7906192288107736,
            "standard_error_of_the_mean": 0.5590522180285767,
            "confidence_interval_0.95": [
                15.94241853489291,
                20.753233639020127
            ]
        },
        "mean_treatment_level": {
            "dataset": [
                0.991304347826087,
                0.9660869565217391,
                0.9504347826086956
            ],
            "mean": 0.9692753623188407,
            "standard_deviation": 0.0168365631669074,
            "standard_error_of_the_mean": 0.011905247987195876,
            "confidence_interval_0.95": [
                0.9180512145664617,
                1.0204995100712198
            ]
        }
    },
    "without_esketamine": {
        "average_qalys": {
            "dataset": [
                1.5029116485507013,
                1.4507782427536025,
                1.4982611775362091
            ],
            "mean": 1.4839836896135044,
            "standard_deviation": 0.023556428648934043,
            "standard_error_of_the_mean": 0.016656910438198325,
            "confidence_interval_0.95": [
                1.4123147884447027,
                1.555652590782306
            ]
        },
        "direct_costs_per_patient": {
            "dataset": [
                1562,
                1532,
                1564
            ],
            "mean": 1552.6666666666667,
            "standard_deviation": 14.636332266733433,
            "standard_error_of_the_mean": 10.349449797506685,
            "confidence_interval_0.95": [
                1508.136578242345,
                1597.1967550909885
            ]
        },
        "indirect_costs_per_patient": {
            "dataset": [
                89457.0,
                89760.0,
                89407.0
            ],
            "mean": 89541.33333333333,
            "standard_deviation": 155.9622461438095,
            "standard_error_of_the_mean": 110.28196185737318,
            "confidence_interval_0.95": [
                89066.82834908774,
                90015.83831757892
            ]
        },
        "total_costs_per_patient": {
            "dataset": [
                91019.0,
                91292.0,
                90971.0
            ],
            "mean": 91094.0,
            "standard_deviation": 141.37185009753534,
            "standard_error_of_the_mean": 99.96499387285532,
            "confidence_interval_0.95": [
                90663.8853462174,
                91524.1146537826
            ]
        },
        "remission_rate": {
            "dataset": [
                4.782608695652174,
                4.0,
                3.5652173913043477
            ],
            "mean": 4.115942028985507,
            "standard_deviation": 0.5037144115067469,
            "standard_error_of_the_mean": 0.3561798761578118,
            "confidence_interval_0.95": [
                2.5834237124956383,
                5.6484603454753755
            ]
        },
        "recovery_rate": {
            "dataset": [
                16.34782608695652,
                14.173913043478262,
                16.869565217391305
            ],
            "mean": 15.797101449275361,
            "standard_deviation": 1.1673640907595513,
            "standard_error_of_the_mean": 0.825451064689747,
            "confidence_interval_0.95": [
                12.245472172379852,
                19.34873072617087
            ]
        },
        "mean_treatment_level": {
            "dataset": [
                1.113913043478261,
                1.1104347826086955,
                1.1104347826086955
            ],
            "mean": 1.1115942028985506,
            "standard_deviation": 0.0016396678984036627,
            "standard_error_of_the_mean": 0.0011594202898551251,
            "confidence_interval_0.95": [
                1.106605620023291,
                1.1165827857738102
            ]
        }
    },
    "metadata": {
        "timedate": "21-01-2024 17:49:02",
        "with_esketamine_config": {
            "runspecs": {
                "starttime": 1,
                "stoptime": 150,
                "dt": 1.0
            },
            "properties": {},
            "agents": [
                {
                    "name": "person",
                    "count": 1000
                }
            ],
            "new_patients_per_week": 1,
            "capacities": {
                "total": 50,
                "antidepressant": 0.4,