{
    "pipelines_comparison": {
        "incremental_cost_effectiveness_ratio": {
            "dataset": [
                2839.20913623778,
                4967.369453054763,
                44716.37641348019
            ],
            "mean": 17507.65166759091,
            "standard_deviation": 19259.080859111535,
            "standard_error_of_the_mean": 13618.226674897805,
            "confidence_interval_0.95": [
                -41086.84851170867,
                76102.1518468905
            ]
        },
        "net_monetary_benefit": {
            "dataset": [
                5896.740942028816,
                3789.458333333192,
                94.88134057965374
            ],
            "mean": 3260.360205313887,
            "standard_deviation": 2397.964738486523,
            "standard_error_of_the_mean": 1695.6171276300463,
            "confidence_interval_0.95": [
                -4035.291457767846,
                10556.01186839562
            ]
        }
    },
    "with_esketamine": {
        "average_qalys": {
            "dataset": [
                1.8185694565217143,
                1.7467394565217162,
                1.7471974818840346
            ],
            "mean": 1.7708354649758216,
            "standard_deviation": 0.03375354705790827,
            "standard_error_of_the_mean": 0.023867362013746177,
            "confidence_interval_0.95": [
                1.668142494651596,
                1.8735284353000472
            ]
        },
        "direct_costs_per_patient": {
            "dataset": [
                3434,
                3529,
                3436
            ],
            "mean": 3466.3333333333335,
            "standard_deviation": 44.319546728528515,
            "standard_error_of_the_mean": 31.33865203085658,
            "confidence_interval_0.95": [
                3331.493996621029,
                3601.172670045638
            ]
        },
        "indirect_costs_per_patient": {
            "dataset": [
                87586.0,
                87667.0,
                87826.0
            ],
            "mean": 87693.0,
            "standard_deviation": 99.68951800465283,
            "standard_error_of_the_mean": 70.49113419430844,
            "confidence_interval_0.95": [
                87389.70112902431,
                87996.29887097569
            ]
        },
        "total_costs_per_patient": {
            "dataset": [
                91020.0,
                91196.0,
                91262.0
            ],
            "mean": 91159.33333333333,
            "standard_deviation": 102.14151403268355,
            "standard_error_of_the_mean": 72.22495721317145,
            "confidence_interval_0.95": [
                90848.57442401235,
                91470.09224265431
            ]
        },
        "remission_rate": {
            "dataset": [
                2.782608695652174,
                3.6521739130434785,
                3.0434782608695654
            ],
            "mean": 3.1594202898550727,
            "standard_deviation": 0.3643421765210591,
            "standard_error_of_the_mean": 0.25762882369030704,
            "confidence_interval_0.95": [
                2.050932928300143,
                4.2679076514100025
            ]
        },
        "recovery_rate": {
            "dataset": [
                31.478260869565215,
                27.1304347826087,
                27.73913043478261
            ],
            "mean": 28.782608695652176,
            "standard_deviation": 1.9222440152567226,
            "standard_error_of_the_mean": 1.359231778283286,
            "confidence_interval_0.95": [
                22.93430637423944,
                34.63091101706491
            ]
        },
        "mean_treatment_level": {
            "dataset": [
                1.7539130434782608,
                1.8130434782608695,
                1.7878260869565217
            ],
            "mean": 1.7849275362318842,
            "standard_deviation": 0.02422675210894709,
            "standard_error_of_the_mean": 0.017130900702361982,
            "confidence_interval_0.95": [
                1.7112192195590274,
                1.8586358529047409
            ]
        }
    },
    "without_esketamine": {
        "average_qalys": {
            "dataset": [
                1.693534637681138,
                1.6625902898550524,
                1.7292398550724415
            ],
            "mean": 1.6951215942028774,
            "standard_deviation": 0.02723270043126055,
            "standard_error_of_the_mean": 0.019256427144966153,
            "confidence_interval_0.95": [
                1.6122678753792512,
                1.7779753130265037
            ]
        },
        "direct_costs_per_patient": {
            "dataset": [
                2266,
                2268,
                2300
            ],
            "mean": 2278.0,
            "standard_deviation": 15.57776192739723,
            "standard_error_of_the_mean": 11.015141094572204,
            "confidence_interval_0.95": [
                2230.605673099081,
                2325.394326900919
            ]
        },
        "indirect_costs_per_patient": {
            "dataset": [
                88399.0,
                88510.0,
                88159.0
            ],
            "mean": 88356.0,
            "standard_deviation": 146.48549416239138,
            "standard_error_of_the_mean": 103.58088626768938,
            "confidence_interval_0.95": [
                87910.3274169337,
                88801.6725830663
            ]
        },
        "total_costs_per_patient": {
            "dataset": [
                90665.0,
                90778.0,
                90459.0
            ],
            "mean": 90634.0,
            "standard_deviation": 132.06311622351893,
            "standard_error_of_the_mean": 93.3827250262774,
            "confidence_interval_0.95": [
                90232.20656323913,
                91035.79343676087
            ]
        },
        "remission_rate": {
            "dataset": [
                1.7391304347826086,
                2.1739130434782608,
                2.5217391304347827
            ],
            "mean": 2.1449275362318843,
            "standard_deviation": 0.32015539180252933,
            "standard_error_of_the_mean": 0.2263840485770045,
            "confidence_interval_0.95": [
                1.1708755916136693,
                3.1189794808500992
            ]
        },
        "recovery_rate": {
            "dataset": [
                23.91304347826087,
                21.913043478260867,
                25.565217391304344
            ],
            "mean": 23.79710144927536,
            "standard_deviation": 1.4932460141902903,
            "standard_error_of_the_mean": 1.0558843826137378,
            "confidence_interval_0.95": [
                19.25399762795168,
                28.34020527059904
            ]
        },
        "mean_treatment_level": {
            "dataset": [
                1.5443478260869565,
                1.557391304347826,
                1.557391304347826
            ],
            "mean": 1.5530434782608695,
            "standard_deviation": 0.0061487546190134214,
            "standard_error_of_the_mean": 0.004347826086956497,
            "confidence_interval_0.95": [
                1.5343362924786468,
                1.5717506640430923
            ]
        }
    }
}