{
    "pipelines_comparison": {
        "incremental_cost_effectiveness_ratio": {
            "dataset": [
                64496.17733223094,
                32794.80298003486,
                14491.182289575345,
                26819.789641524323
            ],
            "mean": 34650.488060841366,
            "standard_deviation": 18452.142030921237,
            "standard_error_of_the_mean": 10653.349168677585,
            "confidence_interval_0.95": [
                746.7763600802136,
                68554.19976160252
            ]
        },
        "net_monetary_benefit": {
            "dataset": [
                -323.87952898575645,
                696.711050724215,
                2864.4873188399347,
                1236.806159419728
            ],
            "mean": 1118.5312499995302,
            "standard_deviation": 1153.346509550426,
            "standard_error_of_the_mean": 665.8849177578537,
            "confidence_interval_0.95": [
                -1000.6117462634666,
                3237.674246262527
            ]
        }
    },
    "with_esketamine": {
        "average_qalys": {
            "dataset": [
                1.5079350181159141,
                1.5215502536231575,
                1.5421460507246048,
                1.5187169202898239
            ],
            "mean": 1.522587060688375,
            "standard_deviation": 0.012382340230924879,
            "standard_error_of_the_mean": 0.007148947465522011,
            "confidence_interval_0.95": [
                1.499835919240053,
                1.5453382021366968
            ]
        },
        "direct_costs_per_patient": {
            "dataset": [
                3173,
                3196,
                3123,
                3256
            ],
            "mean": 3187.0,
            "standard_deviation": 47.78598120788146,
            "standard_error_of_the_mean": 27.58924911386076,
            "confidence_interval_0.95": [
                3099.1986960920267,
                3274.8013039079733
            ]
        },
        "indirect_costs_per_patient": {
            "dataset": [
                89348.0,
                89276.0,
                89136.0,
                89179.0
            ],
            "mean": 89234.75,
            "standard_deviation": 82.74471282202869,
            "standard_error_of_the_mean": 47.772682221816545,
            "confidence_interval_0.95": [
                89082.71600396966,
                89386.78399603034
            ]
        },
        "total_costs_per_patient": {
            "dataset": [
                92521.0,
                92472.0,
                92259.0,
                92435.0
            ],
            "mean": 92421.75,
            "standard_deviation": 98.79113067477262,
            "standard_error_of_the_mean": 57.037085888627466,
            "confidence_interval_0.95": [
                92240.23253674955,
                92603.26746325045
            ]
        },
        "remission_rate": {
            "dataset": [
                4.521739130434783,
                4.434782608695651,
                4.782608695652174,
                4.434782608695651
            ],
            "mean": 4.5434782608695645,
            "standard_deviation": 0.1425530113978698,
            "standard_error_of_the_mean": 0.08230301950435191,
            "confidence_interval_0.95": [
                4.281553320534202,
                4.8054032012049275
            ]
        },
        "recovery_rate": {
            "dataset": [
                17.739130434782606,
                18.782608695652172,
                20.956521739130434,
                19.130434782608695
            ],
            "mean": 19.152173913043477,
            "standard_deviation": 1.1607555716706524,
            "standard_error_of_the_mean": 0.670162541767409,
            "confidence_interval_0.95": [
                17.019417608055875,
                21.28493021803108
            ]
        },
        "mean_treatment_level": {
            "dataset": [
                0.9860869565217392,
                0.9773913043478261,
                0.9826086956521739,
                1.0034782608695652
            ],
            "mean": 0.9873913043478262,
            "standard_deviation": 0.009789852390606677,
            "standard_error_of_the_mean": 0.005652173913043466,
            "confidence_interval_0.95": [
                0.9694035643614369,
                1.0053790443342154
            ]
        }
    },
    "without_esketamine": {
        "average_qalys": {
            "dataset": [
                1.4855926086956293,
                1.4810560326086732,
                1.461476304347806,
                1.4653607971014293
            ],
            "mean": 1.4733714356883842,
            "standard_deviation": 0.010174411281257826,
            "standard_error_of_the_mean": 0.005874199092080171,
            "confidence_interval_0.95": [
                1.4546771124912896,
                1.4920657588854789
            ]
        },
        "direct_costs_per_patient": {
            "dataset": [
                1561,
                1539,
                1541,
                1562
            ],
            "mean": 1550.75,
            "standard_deviation": 10.779030568655049,
            "standard_error_of_the_mean": 6.223276200416198,
            "confidence_interval_0.95": [
                1530.944757649222,
                1570.555242350778
            ]
        },
        "indirect_costs_per_patient": {
            "dataset": [
                89519.0,
                89605.0,
                89549.0,
                89442.0
            ],
            "mean": 89528.75,
            "standard_deviation": 58.831857866295536,
            "standard_error_of_the_mean": 33.96658897603153,
            "confidence_interval_0.95": [
                89420.65315441012,
                89636.84684558988
            ]
        },
        "total_costs_per_patient": {
            "dataset": [
                91080.0,
                91144.0,
                91090.0,
                91004.0
            ],
            "mean": 91079.5,
            "standard_deviation": 49.92744736114595,
            "standard_error_of_the_mean": 28.825625173908485,
            "confidence_interval_0.95": [
                90987.76399566779,
                91171.23600433221
            ]
        },
        "remission_rate": {
            "dataset": [
                4.782608695652174,
                4.521739130434783,
                4.869565217391305,
                4.869565217391305
            ],
            "mean": 4.760869565217392,
            "standard_deviation": 0.14255301139786947,
            "standard_error_of_the_mean": 0.08230301950435172,
            "confidence_interval_0.95": [
                4.498944624882029,
                5.0227945055527545
            ]
        },
        "recovery_rate": {
            "dataset": [
                15.82608695652174,
                15.130434782608695,
                14.000000000000002,
                15.565217391304348
            ],
            "mean": 15.130434782608695,
            "standard_deviation": 0.6983642784438695,
            "standard_error_of_the_mean": 0.40320080415198684,
            "confidence_interval_0.95": [
                13.84726987314756,
                16.41359969206983
            ]
        },
        "mean_treatment_level": {
            "dataset": [
                1.1182608695652174,
                1.102608695652174,
                1.0991304347826087,
                1.111304347826087
            ],
            "mean": 1.1078260869565217,
            "standard_deviation": 0.0074802828409066225,
            "standard_error_of_the_mean": 0.004318743311811977,
            "confidence_interval_0.95": [
                1.0940819182603745,
                1.121570255652669
            ]
        }
    },
    "metadata": {
        "timedate": "21-01-2024 17:58:16",