{
    "pipelines_comparison": {
        "incremental_cost_effectiveness_ratio": {
            "dataset": [
                2962.0917056184467,
                11882.253093670812,
                7945.791126919356
            ],
            "mean": 7596.711975402872,
            "standard_deviation": 3649.996528559325,
            "standard_error_of_the_mean": 2580.937296651656,
            "confidence_interval_0.95": [
                -3508.164929765202,
                18701.588880570947
            ]
        },
        "net_monetary_benefit": {
            "dataset": [
                5097.468297101209,
                2072.3396739129284,
                3355.5335144922606
            ],
            "mean": 3508.447161835466,
            "standard_deviation": 1239.7278557183715,
            "standard_error_of_the_mean": 876.6199736043185,
            "confidence_interval_0.95": [
                -263.3441606879046,
                7280.238484358837
            ]
        }
    },
    "with_esketamine": {
        "average_qalys": {
            "dataset": [
                1.7996187318840329,
                1.7624651811593992,
                1.7976089673912774
            ],
            "mean": 1.7865642934782366,
            "standard_deviation": 0.017060386850753343,
            "standard_error_of_the_mean": 0.012063515231833497,
            "confidence_interval_0.95": [
                1.734659176733662,
                1.8384694102228112
            ]
        },
        "direct_costs_per_patient": {
            "dataset": [
                3561,
                3597,
                3577
            ],
            "mean": 3578.3333333333335,
            "standard_deviation": 14.727148022916348,
            "standard_error_of_the_mean": 10.413666234542207,
            "confidence_interval_0.95": [
                3533.5269438808955,
                3623.1397227857715
            ]
        },
        "indirect_costs_per_patient": {
            "dataset": [
                87457.0,
                87521.0,
                87539.0
            ],
            "mean": 87505.66666666667,
            "standard_deviation": 35.18838192105772,
            "standard_error_of_the_mean": 24.88194347536203,
            "confidence_interval_0.95": [
                87398.60830464691,
                87612.72502868643
            ]
        },
        "total_costs_per_patient": {
            "dataset": [
                91018.0,
                91118.0,
                91116.0
            ],
            "mean": 91084.0,
            "standard_deviation": 46.676189504571454,
            "standard_error_of_the_mean": 33.005050118630834,
            "confidence_interval_0.95": [
                90941.99073100621,
                91226.00926899379
            ]
        },
        "remission_rate": {
            "dataset": [
                3.826086956521739,
                4.695652173913043,
                4.695652173913043
            ],
            "mean": 4.4057971014492745,
            "standard_deviation": 0.40991697460089704,
            "standard_error_of_the_mean": 0.2898550724637681,
            "confidence_interval_0.95": [
                3.158651382634412,
                5.652942820264137
            ]
        },
        "recovery_rate": {
            "dataset": [
                31.043478260869566,
                28.782608695652172,
                30.52173913043478
            ],
            "mean": 30.115942028985504,
            "standard_deviation": 0.9665699710453962,
            "standard_error_of_the_mean": 0.6834681810174846,
            "confidence_interval_0.95": [
                27.17521579412313,
                33.056668263847875
            ]
        },
        "mean_treatment_level": {
            "dataset": [
                1.8278260869565217,
                1.871304347826087,
                1.8382608695652174
            ],
            "mean": 1.8457971014492751,
            "standard_deviation": 0.018532599841328424,
            "standard_error_of_the_mean": 0.013104527020820064,
            "confidence_interval_0.95": [
                1.7894128724889475,
                1.9021813304096027
            ]
        }
    },
    "without_esketamine": {
        "average_qalys": {
            "dataset": [
                1.6912493659420087,
                1.7080983876811406,
                1.7178182971014322
            ],
            "mean": 1.7057220169081937,
            "standard_deviation": 0.010976106755932268,
            "standard_error_of_the_mean": 0.007761279518147184,
            "confidence_interval_0.95": [
                1.6723279264018331,
                1.7391161074145542
            ]
        },
        "direct_costs_per_patient": {
            "dataset": [
                2345,
                2398,
                2388
            ],
            "mean": 2377.0,
            "standard_deviation": 22.992752481307377,
            "standard_error_of_the_mean": 16.258331197676267,
            "confidence_interval_0.95": [
                2307.0460468885167,
                2446.9539531114833
            ]
        },
        "indirect_costs_per_patient": {
            "dataset": [
                88352.0,
                88074.0,
                88094.0
            ],
            "mean": 88173.33333333333,
            "standard_deviation": 126.59998244690067,
            "standard_error_of_the_mean": 89.51970608630135,
            "confidence_interval_0.95": [
                87788.16112556025,
                88558.50554110641
            ]
        },
        "total_costs_per_patient": {
            "dataset": [
                90697.0,
                90472.0,
                90482.0
            ],
            "mean": 90550.33333333333,
            "standard_deviation": 103.7893165129351,
            "standard_error_of_the_mean": 73.39012952101334,
            "confidence_interval_0.95": [
                90234.5610922012,
                90866.10557446546
            ]
        },
        "remission_rate": {
            "dataset": [
                1.7391304347826086,
                2.6956521739130435,
                2.2608695652173916
            ],
            "mean": 2.2318840579710146,
            "standard_deviation": 0.39103587139803025,
            "standard_error_of_the_mean": 0.2765041163527379,
            "confidence_interval_0.95": [
                1.0421828669142021,
                3.421585249027827
            ]
        },
        "recovery_rate": {
            "dataset": [
                24.782608695652176,
                24.695652173913043,
                25.043478260869566
            ],
            "mean": 24.840579710144926,
            "standard_deviation": 0.14779766706066086,
            "standard_error_of_the_mean": 0.10450873262214493,
            "confidence_interval_0.95": [
                24.390914926428685,
                25.290244493861167
            ]
        },
        "mean_treatment_level": {
            "dataset": [
                1.6243478260869566,
                1.654782608695652,
                1.646086956521739
            ],
            "mean": 1.6417391304347824,
            "standard_deviation": 0.012799653429460574,
            "standard_error_of_the_mean": 0.009050721736809222,
            "confidence_interval_0.95": [
                1.6027970178462327,
                1.680681243023332
            ]
        }
    }
}