{
    "pipelines_comparison": {
        "incremental_cost_effectiveness_ratio": {
            "dataset": [
                88058.63083594419,
                115887.43511362775,
                111536.57335955328,
                11986.847720697528
            ],
            "mean": 81867.3717574557,
            "standard_deviation": 41711.046387895774,
            "standard_error_of_the_mean": 24081.883860232592,
            "confidence_interval_0.95": [
                5228.069442173757,
                158506.67407273763
            ]
        },
        "net_monetary_benefit": {
            "dataset": [
                -324.1473647272168,
                -556.6073570702081,
                -470.61421643722247,
                1928.112972179394
            ],
            "mean": 144.18600848618667,
            "standard_deviation": 1033.2983859987933,
            "standard_error_of_the_mean": 596.5751013096091,
            "confidence_interval_0.95": [
                -1754.3822185011636,
                2042.754235473537
            ]
        }
    },
    "with_esketamine": {
        "average_qalys": {
            "dataset": [
                1.4635503126594842,
                1.4912791762378397,
                1.481783483282251,
                1.516043437340444
            ],
            "mean": 1.4881641023800045,
            "standard_deviation": 0.01893087390648378,
            "standard_error_of_the_mean": 0.010929745145903273,
            "confidence_interval_0.95": [
                1.4533807753227261,
                1.522947429437283
            ]
        },
        "direct_costs_per_patient": {
            "dataset": [
                2322,
                2414,
                2396,
                2416
            ],
            "mean": 2387.0,
            "standard_deviation": 38.3275357934736,
            "standard_error_of_the_mean": 22.128413107737,
            "confidence_interval_0.95": [
                2316.5775134634787,
                2457.4224865365213
            ]
        },
        "indirect_costs_per_patient": {
            "dataset": [
                90397.0,
                90328.0,
                90335.0,
                90108.0
            ],
            "mean": 90292.0,
            "standard_deviation": 109.57417578973615,
            "standard_error_of_the_mean": 63.26267988843554,
            "confidence_interval_0.95": [
                90090.66991812667,
                90493.33008187333
            ]
        },
        "total_costs_per_patient": {
            "dataset": [
                92719.0,
                92742.0,
                92731.0,
                92524.0
            ],
            "mean": 92679.0,
            "standard_deviation": 89.85822166056927,
            "standard_error_of_the_mean": 51.879668464630726,
            "confidence_interval_0.95": [
                92513.89574077536,
                92844.10425922464
            ]
        },
        "remission_rate": {
            "dataset": [
                4.287901990811639,
                3.139356814701378,
                3.9816232771822357,
                4.747320061255743
            ],
            "mean": 4.039050535987749,
            "standard_deviation": 0.586583210032334,
            "standard_error_of_the_mean": 0.33866397421428285,
            "confidence_interval_0.95": [
                2.9612706225166194,
                5.116830449458878
            ]
        },
        "recovery_rate": {
            "dataset": [
                15.007656967840735,
                16.232771822358348,
                16.232771822358348,
                17.457886676875958
            ],
            "mean": 16.232771822358348,
            "standard_deviation": 0.8662870213617739,
            "standard_error_of_the_mean": 0.5001510449786992,
            "confidence_interval_0.95": [
                14.641067977181823,
                17.824475667534873
            ]
        },
        "mean_treatment_level": {
            "dataset": [
                1.0352220520673814,
                1.0344563552833077,
                1.0367534456355283,
                1.0214395099540583
            ],
            "mean": 1.031967840735069,
            "standard_deviation": 0.00613454071935755,
            "standard_error_of_the_mean": 0.0035417787356758017,
            "confidence_interval_0.95": [
                1.0206963200835832,
                1.0432393613865547
            ]
        }
    },
    "without_esketamine": {
        "average_qalys": {
            "dataset": [
                1.4550332599540285,
                1.4828313233792438,
                1.4741357676109954,
                1.465321177896856
            ],
            "mean": 1.469330382210281,
            "standard_deviation": 0.01031804929885259,
            "standard_error_of_the_mean": 0.005957128540204372,
            "confidence_interval_0.95": [
                1.4503721404974041,
                1.4882886239231579
            ]
        },
        "direct_costs_per_patient": {
            "dataset": [
                1372,
                1393,
                1394,
                1377
            ],
            "mean": 1384.0,
            "standard_deviation": 9.669539802906858,
            "standard_error_of_the_mean": 5.582711408148075,
            "confidence_interval_0.95": [
                1366.2333207056708,
                1401.7666792943292
            ]
        },
        "indirect_costs_per_patient": {
            "dataset": [
                90597.0,
                90370.0,
                90484.0,
                90539.0
            ],
            "mean": 90497.5,
            "standard_deviation": 83.75708925219405,
            "standard_error_of_the_mean": 48.357178026293745,
            "confidence_interval_0.95": [
                90343.60587745626,
                90651.39412254374
            ]
        },
        "total_costs_per_patient": {
            "dataset": [
                91969.0,
                91763.0,
                91878.0,
                91916.0
            ],
            "mean": 91881.5,
            "standard_deviation": 75.66538178057387,
            "standard_error_of_the_mean": 43.68542853935013,
            "confidence_interval_0.95": [
                91742.47346935018,
                92020.52653064982
            ]
        },
        "remission_rate": {
            "dataset": [
                3.522205206738132,
                4.134762633996937,
                4.134762633996937,
                3.522205206738132
            ],
            "mean": 3.8284839203675345,
            "standard_deviation": 0.3062787136294025,
            "standard_error_of_the_mean": 0.17683009776098785,
            "confidence_interval_0.95": [
                3.265731629085024,
                4.391236211650045
            ]
        },
        "recovery_rate": {
            "dataset": [
                13.476263399693721,
                15.773353751914243,
                14.701378254211333,
                13.859111791730475
            ],
            "mean": 14.452526799387444,
            "standard_deviation": 0.8820065875580612,
            "standard_error_of_the_mean": 0.5092267407536699,
            "confidence_interval_0.95": [
                12.83194003972398,
                16.07311355905091
            ]
        },
        "mean_treatment_level": {
            "dataset": [
                0.9839203675344563,
                0.9854517611026034,
                0.996937212863706,
                0.9839203675344563
            ],
            "mean": 0.9875574272588055,
            "standard_deviation": 0.005451390071170808,
            "standard_error_of_the_mean": 0.003147361525048119,
            "confidence_interval_0.95": [
                0.9775411182020223,
                0.9975737363155887
            ]
        }
    },
    "metadata": {
        "timedate": "21-01-2024 19:57:40",