{
    "pipelines_comparison": {
        "incremental_cost_effectiveness_ratio": {
            "dataset": [
                -3404.56754552608,
                5378.579902032263,
                -3796.0772281654477
            ],
            "mean": -607.3549572197549,
            "standard_deviation": 5187.666340687926,
            "standard_error_of_the_mean": 2995.100558262135,
            "confidence_interval_0.95": [
                -13494.232550585113,
                12279.522636145603
            ]
        },
        "net_monetary_benefit": {
            "dataset": [
                3027.4275362317317,
                1709.0036231883828,
                2947.6702898550006
            ],
            "mean": 2561.3671497583714,
            "standard_deviation": 739.2448786819702,
            "standard_error_of_the_mean": 426.8032297040878,
            "confidence_interval_0.95": [
                724.981068337129,
                4397.753231179614
            ]
        }
    },
    "with_esketamine": {
        "average_qalys": {
            "dataset": [
                1.632110996376788,
                1.6329921557970815,
                1.6354454891304135
            ],
            "mean": 1.6335162137680943,
            "standard_deviation": 0.0017279143638305788,
            "standard_error_of_the_mean": 0.0009976118230942057,
            "confidence_interval_0.95": [
                1.6292238365340663,
                1.6378085910021223
            ]
        },
        "direct_costs_per_patient": {
            "dataset": [
                3129,
                3138,
                3165
            ],
            "mean": 3144.0,
            "standard_deviation": 18.734993995195193,
            "standard_error_of_the_mean": 10.816653826391967,
            "confidence_interval_0.95": [
                3097.4596948853696,
                3190.5403051146304
            ]
        },
        "indirect_costs_per_patient": {
            "dataset": [
                45036.0,
                45011.0,
                44949.0
            ],
            "mean": 44998.666666666664,
            "standard_deviation": 44.792112400882964,
            "standard_error_of_the_mean": 25.860738152221757,
            "confidence_interval_0.95": [
                44887.39689105849,
                45109.93644227484
            ]
        },
        "total_costs_per_patient": {
            "dataset": [
                48165.0,
                48149.0,
                48114.0
            ],
            "mean": 48142.666666666664,
            "standard_deviation": 26.08320021265284,
            "standard_error_of_the_mean": 15.059142664102023,
            "confidence_interval_0.95": [
                48077.872405372844,
                48207.460927960485
            ]
        },
        "remission_rate": {
            "dataset": [
                39.91304347826087,
                41.91304347826087,
                42.173913043478265
            ],
            "mean": 41.333333333333336,
            "standard_deviation": 1.2369036691798208,
            "standard_error_of_the_mean": 0.7141266663626054,
            "confidence_interval_0.95": [
                38.26069428280584,
                44.405972383860835
            ]
        },
        "mean_treatment_level": {
            "dataset": [
                1.6321739130434783,
                1.6182608695652174,
                1.6069565217391304
            ],
            "mean": 1.6191304347826085,
            "standard_deviation": 0.012631164388116492,
            "standard_error_of_the_mean": 0.007292606159657472,
            "confidence_interval_0.95": [
                1.5877528829815906,
                1.6505079865836265
            ]
        }
    },
    "without_esketamine": {
        "average_qalys": {
            "dataset": [
                1.5754224456521533,
                1.5946920833333138,
                1.5806520833333135
            ],
            "mean": 1.5835888707729266,
            "standard_deviation": 0.009964851952733838,
            "standard_error_of_the_mean": 0.005753209957345649,
            "confidence_interval_0.95": [
                1.5588348062442006,
                1.6083429353016527
            ]
        },
        "direct_costs_per_patient": {
            "dataset": [
                2125,
                2130,
                2185
            ],
            "mean": 2146.6666666666665,
            "standard_deviation": 33.291640592396966,
            "standard_error_of_the_mean": 19.220937657784663,
            "confidence_interval_0.95": [
                2063.965646781945,
                2229.367686551388
            ]
        },
        "indirect_costs_per_patient": {
            "dataset": [
                46233.0,
                45813.0,
                46137.0
            ],
            "mean": 46061.0,
            "standard_deviation": 220.0727152556627,
            "standard_error_of_the_mean": 127.05904139414872,
            "confidence_interval_0.95": [
                45514.30906868556,
                46607.69093131444
            ]
        },
        "total_costs_per_patient": {
            "dataset": [
                48358.0,
                47943.0,
                48322.0
            ],
            "mean": 48207.666666666664,
            "standard_deviation": 229.9137519447963,
            "standard_error_of_the_mean": 132.740766575725,
            "confidence_interval_0.95": [
                47636.529244989106,
                48778.80408834422
            ]
        },
        "remission_rate": {
            "dataset": [
                34.34782608695652,
                36.434782608695656,
                34.52173913043478
            ],
            "mean": 35.10144927536232,
            "standard_deviation": 1.1579701075616355,
            "standard_error_of_the_mean": 0.6685543533142502,
            "confidence_interval_0.95": [
                32.2248920619807,
                37.978006488743944
            ]
        },
        "mean_treatment_level": {
            "dataset": [
                1.4243478260869564,
                1.411304347826087,
                1.4869565217391305
            ],
            "mean": 1.4408695652173913,
            "standard_deviation": 0.04044179462342089,
            "standard_error_of_the_mean": 0.02334908101234361,
            "confidence_interval_0.95": [
                1.3404065780587116,
                1.541332552376071
            ]
        }
    }
}