{
    "pipelines_comparison": {
        "incremental_cost_effectiveness_ratio": {
            "dataset": [
                7118.734985449509,
                37434.87875266533,
                24338.001647635352,
                -2883.569096844247,
                173447.1448651984
            ],
            "mean": 47891.03823082087,
            "standard_deviation": 71883.33286951117,
            "standard_error_of_the_mean": 32147.2037490944,
            "confidence_interval_0.95": [
                -41363.908264148595,
                137145.98472579033
            ]
        },
        "net_monetary_benefit": {
            "dataset": [
                1126.4356060607865,
                152.3863636364464,
                396.45454545470386,
                1944.000000000095,
                -459.0643939393501
            ],
            "mean": 632.0424242425363,
            "standard_deviation": 927.596756760033,
            "standard_error_of_the_mean": 414.83388076475427,
            "confidence_interval_0.95": [
                -519.7210734769731,
                1783.8059219620457
            ]
        }
    },
    "with_esketamine": {
        "average_qalys": {
            "dataset": [
                1.06419799242424,
                1.0509186742424204,
                1.0560726893939356,
                1.060534886363632,
                1.0461689015151463
            ],
            "mean": 1.055578628787875,
            "standard_deviation": 0.007234641633288359,
            "standard_error_of_the_mean": 0.0032354300969765753,
            "confidence_interval_0.95": [
                1.0465956347319147,
                1.0645616228438353
            ]
        },
        "direct_costs_per_patient": {
            "dataset": [
                2628,
                2592,
                2596,
                2531,
                2585
            ],
            "mean": 2586.4,
            "standard_deviation": 35.08988458231232,
            "standard_error_of_the_mean": 15.692673449734432,
            "confidence_interval_0.95": [
                2542.8301536130175,
                2629.9698463869827
            ]
        },
        "indirect_costs_per_patient": {
            "dataset": [
                31710.0,
                32003.0,
                31872.0,
                31795.0,
                32103.0
            ],
            "mean": 31896.6,
            "standard_deviation": 157.85214601011924,
            "standard_error_of_the_mean": 70.59362577456976,
            "confidence_interval_0.95": [
                31700.60067326003,
                32092.599326739968
            ]
        },
        "total_costs_per_patient": {
            "dataset": [
                34338.0,
                34595.0,
                34468.0,
                34326.0,
                34688.0
            ],
            "mean": 34483.0,
            "standard_deviation": 158.48343762046557,
            "standard_error_of_the_mean": 70.8759479654417,
            "confidence_interval_0.95": [
                34286.21682119509,
                34679.78317880491
            ]
        },
        "remission_rate": {
            "dataset": [
                37.81818181818182,
                36.36363636363637,
                38.18181818181819,
                37.36363636363637,
                36.18181818181818
            ],
            "mean": 37.18181818181819,
            "standard_deviation": 0.8813963377120616,
            "standard_error_of_the_mean": 0.3941724252487062,
            "confidence_interval_0.95": [
                36.08742008113247,
                38.2762162825039
            ]
        },
        "mean_treatment_level": {
            "dataset": [
                1.509090909090909,
                1.5118181818181817,
                1.529090909090909,
                1.520909090909091,
                1.5427272727272727
            ],
            "mean": 1.5227272727272727,
            "standard_deviation": 0.013681742675720398,
            "standard_error_of_the_mean": 0.006118661334714134,
            "confidence_interval_0.95": [
                1.5057391454141427,
                1.5397154000404027
            ]
        }
    },
    "without_esketamine": {
        "average_qalys": {
            "dataset": [
                1.0379292803030242,
                1.0387909469696914,
                1.0406235984848415,
                1.02377488636363,
                1.0424501893939333
            ],
            "mean": 1.0367137803030242,
            "standard_deviation": 0.007439759832466692,
            "standard_error_of_the_mean": 0.003327161744333594,
            "confidence_interval_0.95": [
                1.0274760983637679,
                1.0459514622422805
            ]
        },
        "direct_costs_per_patient": {
            "dataset": [
                1896,
                1905,
                1893,
                1867,
                1891
            ],
            "mean": 1890.4,
            "standard_deviation": 14.135062787267696,
            "standard_error_of_the_mean": 6.321392251711643,
            "confidence_interval_0.95": [
                1872.8490014247,
                1907.9509985753002
            ]
        },
        "indirect_costs_per_patient": {
            "dataset": [
                32255.0,
                32236.0,
                32199.0,
                32565.0,
                32152.0
            ],
            "mean": 32281.4,
            "standard_deviation": 163.3410542392818,
            "standard_error_of_the_mean": 73.04834015910285,
            "confidence_interval_0.95": [
                32078.585293522436,
                32484.214706477567
            ]
        },
        "total_costs_per_patient": {
            "dataset": [
                34151.0,
                34141.0,
                34092.0,
                34432.0,
                34043.0
            ],
            "mean": 34171.8,
            "standard_deviation": 151.69278163446012,
            "standard_error_of_the_mean": 67.83907428613689,
            "confidence_interval_0.95": [
                33983.448534257106,
                34360.1514657429
            ]
        },
        "remission_rate": {
            "dataset": [
                34.090909090909086,
                33.72727272727273,
                33.36363636363636,
                30.909090909090907,
                34.45454545454545
            ],
            "mean": 33.3090909090909,
            "standard_deviation": 1.40188774736009,
            "standard_error_of_the_mean": 0.6269432599842425,
            "confidence_interval_0.95": [
                31.568417363670896,
                35.0497644545109
            ]
        },
        "mean_treatment_level": {
            "dataset": [
                1.3654545454545455,
                1.3781818181818182,
                1.3709090909090909,
                1.3627272727272728,
                1.3581818181818182
            ],
            "mean": 1.367090909090909,
            "standard_deviation": 0.0077245984677265355,
            "standard_error_of_the_mean": 0.0034545454545454497,
            "confidence_interval_0.95": [
                1.3574995532729528,
                1.376682264908865
            ]
        }
    },
    "metadata": {
        "date_time": "17-01-2024 11:10:16"
    }
}